notice_id,title,published_date,url,body,source,source_section,fetched_at,gold_category,gold_market_impacting,label_status
GZPEC-001,关于征求《广州电力交易中心可再生能源绿色电力证书交易实施细则（征求意见稿）》意见的函,2026-09-01,http://www.gzpec.cn/information/zxtz/202609/t20260904_37032.html,关于征求《广州电力交易中心可再生能源绿色电力证书交易实施细则（征求意见稿）》意见的函 各市场成员： 为贯彻落实《国务院办公厅关于完善全国统一电力市场体系的实施意见》(国办发〔2026〕4号）和《国家能源局关于印发<可再生能源绿色电力证书管理实施细则（试行）>的通知》（国能发资质规〔2025〕107号）等政策要求，广州电力交易中心完善修编《广州电力交易中心可再生能源绿色电力证书交易实施细则（征求意见稿）》，现公开征求意见，请在9月30日前反馈至yanxu@csg.cn。 广州电力交易中心 2026年9月1日 识别二维码下载文件,Guangzhou Power Exchange Center,latest_notices,2026-10-02T16:31:05.398741+00:00,,,unlabelled
GZPEC-002,关于按自然日连续组织南方区域跨省跨区电力中长期交易的公告,2026-08-26,http://www.gzpec.cn/information/zxtz/202608/t20260828_36854.html,关于按自然日连续组织南方区域跨省跨区电力中长期交易的公告 各市场成员： 为落实国务院办公厅《关于完善全国统一电力市场体系的实施意见》（国办〔 2026〕4号）关于实现中长期市场连续开市、不间断交易等相关要求，满足南方区域市场成员高频次开展跨省跨区中长期电力交易的需求，更好服务南方区域电力安全保供与清洁能源消纳，现定于2026年8月28日起按自然日连续组织南方区域跨省跨区电力中长期交易。 此后，南方区域跨省跨区月内中长期交易按自然日开展交易申报、出清、安全校核、结果发布。具体开市安排请市场成员关注南方区域统一电力交易平台发布的跨省跨区交易日历、交易公告等信息。 特此公告。 广州电力交易中心 2026年8月26日,Guangzhou Power Exchange Center,latest_notices,2026-10-02T16:31:05.398741+00:00,,,unlabelled
GZPEC-003,关于征集可再生能源绿色电力证书交易实施细则修编建议的通知,2026-07-15,http://www.gzpec.cn/information/zxtz/202607/t20260717_36645.html,关于征集可再生能源绿色电力证书交易实施细则修编建议的通知 各市场主体： 为了进一步规范和完善绿色电力证书市场交易机制，结合《国家能源局可再生能源绿色电力证书管理实施细则（试行）》（国能发资质规〔 2025〕107号）等文件有关要求，广州电力交易中心拟对《广州电力交易中心可再生能源绿色电力证书交易实施细则》（广州交易〔2025〕102号）开展修编工作，现公开征集有关单位建议。请各单位于2026年7月31日前将修编建议书面反馈至广州电力交易中心。 特此通知。 附件： 1.广州电力交易中心可再生能源绿色电力证书交易实施细则 识别二维码下载附件 2.修编建议表 识别二维码下载附件 广州电力交易中心 2026年7月15日 （严旭， yanxu@csg.cn）,Guangzhou Power Exchange Center,latest_notices,2026-10-02T16:31:05.398741+00:00,,,unlabelled
GZPEC-004,关于2026年南方区域跨省跨区年度交易开市预安排的通知,2025-11-06,http://www.gzpec.cn/information/zxtz/202511/t20251107_35578.html,关于 2026年南方区域跨省跨区年度交易开市预安排的通知 各经营主体： 为更好服务市场经营主体开展南方区域电力中长期市场年度交易协商，保障电力安全可靠供应和清洁能源充分消纳，依据《电力中长期交易基本规则》《南方区域电力市场中长期电能量交易实施细则（ 2025 年 V1.0 版）》等规则文件要求，现将 2026 年南方区域跨省跨区年度交易开市预安排通知如下。 一、南方区域跨省电能量年度交易安排 2025 年 11 月 24-28 日，广州电力交易中心组织开展 2026 年南方区域跨省年度交易申报，交易品种主要包括跨省年度协议（协商）及市场电量外送交易（协商 / 挂牌）。 二、跨电网经营区年度交易安排 2025 年 11 月 24-25 日，广州电力交易中心联合北京电力交易中心组织开展 2026 年跨电网经营区年度交易申报，交易品种主要包括跨电网经营区年度协议（协商）及市场电量外送交易（协商 / 挂牌）。相关市场经营主体需在 11 月 20 日前完成电能量交易双边、挂牌要约填报及提交。 三、南方区域跨省 “ 点对点 ” 绿电年度交易安排 2026 年 1 月上旬，广州电力交易中心择机组织跨省年度 “ 点对点 ” 绿电直接交易（协商 / 挂牌）。 四、相关提示 （一） 上述时间属预安排，具体以广州电力交易中心公开发布的 2026 年南方区域跨省跨区年度交易公告为准。 南方区域各省区年度交易安排以本省区电力交易机构发布的交易公告为准。 （二）请各相关市场经营主体提前开展交易协商，及时参与跨省跨区年度交易需求填报与交易申报，有关流程、要求见《南方区域电力市场中长期电能量交易实施细则（ 2025 年 V1.0 版）》。 （三）跨电网经营区输电权交易将结合相关规则文件印发情况择机开展，具体安排另行通知。 （四）经营主体如对交易预安排有疑问，可拨打服务热线电话 4001595598 转 6 咨询。 特此通知。 广州电力交易中心 2025年11月6日,Guangzhou Power Exchange Center,latest_notices,2026-10-02T16:31:05.398741+00:00,,,unlabelled
GZPEC-005,关于发布2025年5月南方区域绿色电力认购交易结果的通知,2025-07-07,http://www.gzpec.cn/information/zxtz/202507/t20250708_34753.html,关于发布 2025年5月南方区域绿色电力认购交易结果的通知 有关市场主体： 2025 年 6 月 17 日至 18 日，广州电力交易中心组织开展了 2025 年 5 月南方区域绿色电力认购交易，详细交易结果已通过南方区域统一电力交易平台（ https://gp.poweremarket.com ）发布，请相关市场主体登录查看。 广州电力交易中心 2025 年 7 月 7 日,Guangzhou Power Exchange Center,latest_notices,2026-10-02T16:31:05.398741+00:00,,,unlabelled
GZPEC-006,关于组织开展2025年6月南方区域绿色电力认购交易的通知,2025-07-07,http://www.gzpec.cn/information/zxtz/202507/t20250708_34752.html,关于组织开展 2025年6月南方区域绿色电力认购交易的通知 各市场主体： 2025年7月16日-7月17日，广州电力交易中心组织开展2025年6月南方区域绿色电力认购交易。详细交易安排请登录南方区域统一电力交易平台（https://gp.poweremarket.com）查看。 广州电力交易中心 2025年7月7日,Guangzhou Power Exchange Center,latest_notices,2026-10-02T16:31:05.398741+00:00,,,unlabelled
GZPEC-007,关于发布2025年4月南方区域绿色电力认购交易结果的通知,2025-06-06,http://www.gzpec.cn/information/zxtz/202506/t20250606_34606.html,关于 发布 202 5 年 4月 南方区域绿色电力认购交易结果的通知 有关市场主体： 202 5 年 5 月 15日至16日 ，广州电力交易中心组织开展了 202 5 年 4 月南方区域绿色电力认购交易 ，详细交易结果已通过南方区域统一电力交易平台（ https://gp.poweremarket.com）发布，请相关市场主体登录查看 。 广州电力交易中心 2025年6月6日,Guangzhou Power Exchange Center,latest_notices,2026-10-02T16:31:05.398741+00:00,,,unlabelled
GZPEC-008,关于组织开展2025年5月南方区域绿色电力认购交易的通知,2025-06-06,http://www.gzpec.cn/information/zxtz/202506/t20250606_34607.html,关于组织开展 202 5 年 5 月南方区域绿色电力认购交易的通知 各市场主体： 202 5 年 6 月 17 日 - 6 月 18 日 ，广州电力交易中心组织开展 202 5 年 5 月南方区域绿色电力认购交易。详细交易安排请登录南方区域统一电力交易平台（ https://gp.poweremarket.com）查看。 广州电力交易中心 202 5 年 6 月 6 日,Guangzhou Power Exchange Center,latest_notices,2026-10-02T16:31:05.398741+00:00,,,unlabelled
GZPEC-009,关于组织开展2025年4月南方区域绿色电力认购交易的通知,2025-05-08,http://www.gzpec.cn/information/zxtz/202505/t20250509_34482.html,关于组织开展 2025年4月南方区域绿色电力认购交易的通知 各市场主体： 2025 年 5 月 15 日 -5 月 16 日，广州电力交易中心组织开展 2025 年 4 月南方区域绿色电力认购交易。详细交易安排请登录南方区域统一电力交易平台（ https://gp.poweremarket.com ）查看。 广州电力交易中心 2025 年 5 月 8 日,Guangzhou Power Exchange Center,latest_notices,2026-10-02T16:31:05.398741+00:00,,,unlabelled
GZPEC-010,关于发布2025年3月南方区域绿色电力认购交易结果的通知,2025-05-08,http://www.gzpec.cn/information/zxtz/202505/t20250509_34481.html,关于发布 2025年3月南方区域绿色电力认购交易结果的通知 有关市场主体： 2025 年 4 月 16 日至 17 日，广州电力交易中心组织开展了 2025 年 3 月南方区域绿色电力认购交易，详细交易结果已通过南方区域统一电力交易平台（ https://gp.poweremarket.com ）发布，请相关市场主体登录查看。 广州电力交易中心 2025年5月8日,Guangzhou Power Exchange Center,latest_notices,2026-10-02T16:31:05.398741+00:00,,,unlabelled
GZPEC-011,关于发布2025年2月南方区域绿色电力认购交易结果的通知,2025-04-07,http://www.gzpec.cn/information/zxtz/202504/t20250411_34384.html,关于发布 2025年2月南方区域绿色电力认购交易结果的通知 有关市场主体： 2025 年 3 月 18 日至 19 日，广州电力交易中心组织开展了 2025 年 2 月南方区域绿色电力认购交易，详细交易结果已通过南方区域统一电力交易平台（ https://gp.poweremarket.com ）发布，请相关市场主体登录查看。 广州电力交易中心 2025 年 4 月 7 日,Guangzhou Power Exchange Center,latest_notices,2026-10-02T16:31:05.398741+00:00,,,unlabelled
GZPEC-012,关于组织开展2025年3月南方区域绿色电力认购交易的通知,2025-04-07,http://www.gzpec.cn/information/zxtz/202504/t20250411_34385.html,关于组织开展 2025年3月南方区域绿色电力认购交易的通知 各市场主体： 2025年4月16日-4月17日，广州电力交易中心组织开展2025年3月南方区域绿色电力认购交易。详细交易安排请登录南方区域统一电力交易平台（https://gp.poweremarket.com）查看。 广州电力交易中心 2025年4月7日,Guangzhou Power Exchange Center,latest_notices,2026-10-02T16:31:05.398741+00:00,,,unlabelled
GZPEC-013,关于组织开展2025年2月南方区域绿色电力认购交易的通知,2025-03-11,http://www.gzpec.cn/information/zxtz/202503/t20250314_34156.html,关于组织开展 2025年2月南方区域绿色电力认购交易的通知 各市场主体： 2025 年 3 月 18 日 -3 月 19 日，广州电力交易中心组织开展 2025 年 2 月南方区域绿色电力认购交易。详细交易安排请登录南方区域统一电力交易平台（ https://gp.poweremarket.com ）查看。 广州电力交易中心 2025年3月11日,Guangzhou Power Exchange Center,latest_notices,2026-10-02T16:31:05.398741+00:00,,,unlabelled
GZPEC-014,关于发布2025年1月南方区域绿色电力认购交易结果的通知,2025-03-11,http://www.gzpec.cn/information/zxtz/202503/t20250314_34155.html,关于发布 2025年1月南方区域绿色电力认购交易结果的通知 有关市场主体： 2025 年 2 月 19 日至 20 日，广州电力交易中心组织开展了 2025 年 1 月南方区域绿色电力认购交易，详细交易结果已通过南方区域统一电力交易平台（ https://gp.poweremarket.com ）发布，请相关市场主体登录查看。 广州电力交易中心 2025年3月11日,Guangzhou Power Exchange Center,latest_notices,2026-10-02T16:31:05.398741+00:00,,,unlabelled
GZPEC-015,关于发布2025年3月6日南方区域跨省跨区跨境连续交易结果的通知,2025-03-06,http://www.gzpec.cn/information/zxtz/202503/t20250307_34144.html,关于发布 2025年3月6日南方区域跨省跨区跨境连续交易结果的通知 各有关经营主体： 3 月 6 日，广州电力交易中心组织开展了南方区域跨省跨区跨境连续交易，详细交易结果已通过南方区域统一电力交易平台发布，请相关经营主体登录查看。 广州电力交易中心 2025年3月6日,Guangzhou Power Exchange Center,latest_notices,2026-10-02T16:31:05.398741+00:00,,,unlabelled
GZPEC-016,关于发布2025年3月5日南方区域跨省跨区跨境连续交易结果的通知,2025-03-05,http://www.gzpec.cn/information/zxtz/202503/t20250307_34143.html,关于发布 2025年3月5日南方区域跨省跨区跨境连续交易结果的通知 各有关经营主体： 3 月 5 日，广州电力交易中心组织开展了南方区域跨省跨区跨境连续交易，详细交易结果已通过南方区域统一电力交易平台发布，请相关经营主体登录查看。 广州电力交易中心 2025年3月5日,Guangzhou Power Exchange Center,latest_notices,2026-10-02T16:31:05.398741+00:00,,,unlabelled
GZPEC-017,关于发布2025年3月4日南方区域跨省跨区跨境连续交易结果的通知,2025-03-04,http://www.gzpec.cn/information/zxtz/202503/t20250307_34142.html,关于发布 2025年3月4日南方区域跨省跨区跨境连续交易结果的通知 各有关经营主体： 3 月 4 日，广州电力交易中心组织开展了南方区域跨省跨区跨境连续交易，详细交易结果已通过南方区域统一电力交易平台发布，请相关经营主体登录查看。 广州电力交易中心 2025 年 3 月 4 日,Guangzhou Power Exchange Center,latest_notices,2026-10-02T16:31:05.398741+00:00,,,unlabelled
GZPEC-018,关于发布2025年3月3日南方区域跨省跨区跨境连续交易结果的通知,2025-03-03,http://www.gzpec.cn/information/zxtz/202503/t20250307_34141.html,关于发布 2025年3月3日南方区域跨省跨区跨境连续交易结果的通知 各有关经营主体： 3月3日，广州电力交易中心组织开展了南方区域跨省跨区跨境连续交易，详细交易结果已通过南方区域统一电力交易平台发布，请相关经营主体登录查看。 广州电力交易中心 2025年3月3日,Guangzhou Power Exchange Center,latest_notices,2026-10-02T16:31:05.398741+00:00,,,unlabelled
GZPEC-019,关于发布2025年2月28日南方区域跨省跨区跨境连续交易结果的通知,2025-02-28,http://www.gzpec.cn/information/zxtz/202502/t20250228_34132.html,关于发布 202 5 年 2月28日 南方区域跨省跨区跨境 连续 交易 结果 的通知 各有关 经营 主体： 2 月 28日 ，广州电力交易中心组织开展了南方区域跨省跨区跨境 连续交易 ，详细交易结果 已 通过南方区域统一电力交易平台 发布， 请相关 经营 主体 登录 查看。 广州电力交易中心 2025年2月28日,Guangzhou Power Exchange Center,latest_notices,2026-10-02T16:31:05.398741+00:00,,,unlabelled
GZPEC-020,关于发布2025年3月南方区域跨省跨区电力交易计划的通知,2025-02-28,http://www.gzpec.cn/information/zxtz/202502/t20250228_34128.html,关于发布 202 5 年 3 月南方区域跨省跨区电力交易计划的通知 各市场主体： 2 月 17 - 21 日，广州电力交易中心组织开展了 2025年3 月南方区域跨省跨区月度双边协商 、 发电合同转让、 增量挂牌 交易 。 详细交易结果请相关市场主体通过 南方区域统一电力交易平台 查看。 特此通知。 广州电力交易中心 2025年2月28日,Guangzhou Power Exchange Center,latest_notices,2026-10-02T16:31:05.398741+00:00,,,unlabelled
GZPEC-021,关于发布2025年2月27日南方区域跨省跨区跨境连续交易结果的通知,2025-02-27,http://www.gzpec.cn/information/zxtz/202502/t20250228_34131.html,关于发布 2025年2月27日南方区域跨省跨区跨境连续交易结果的通知 各有关经营主体： 2 月 27 日，广州电力交易中心组织开展了南方区域跨省跨区跨境连续交易，详细交易结果已通过南方区域统一电力交易平台发布，请相关经营主体登录查看。 广州电力交易中心 2025年2月27日,Guangzhou Power Exchange Center,latest_notices,2026-10-02T16:31:05.398741+00:00,,,unlabelled
GZPEC-022,关于发布2025年2月25日南方区域跨省跨区跨境连续交易结果的通知,2025-02-25,http://www.gzpec.cn/information/zxtz/202502/t20250228_34130.html,关于发布 2025年2月25日南方区域跨省跨区跨境连续交易结果的通知 各有关经营主体： 2 月 25 日，广州电力交易中心组织开展了南方区域跨省跨区跨境连续交易，详细交易结果已通过南方区域统一电力交易平台发布，请相关经营主体登录查看。 广州电力交易中心 2025 年 2 月 25 日,Guangzhou Power Exchange Center,latest_notices,2026-10-02T16:31:05.398741+00:00,,,unlabelled
GZPEC-023,关于发布2025年2月24日南方区域跨省跨区跨境连续交易结果的通知,2025-02-24,http://www.gzpec.cn/information/zxtz/202502/t20250228_34129.html,关于发布2025年2月24日南方区域跨省跨区跨境连续交易结果的通知 各有关经营主体： 2 月 24 日，广州电力交易中心组织开展了南方区域跨省跨区跨境连续交易，详细交易结果已通过南方区域统一电力交易平台发布，请相关经营主体登录查看。 广州电力交易中心 2025 年 2 月 24 日,Guangzhou Power Exchange Center,latest_notices,2026-10-02T16:31:05.398741+00:00,,,unlabelled
GZPEC-024,关于发布2025年2月20日南方区域跨省跨区跨境连续交易结果的通知,2025-02-20,http://www.gzpec.cn/information/zxtz/202502/t20250221_34086.html,关于发布 2025年2月20日南方区域跨省跨区跨境连续交易结果的通知 各有关经营主体： 2 月 20 日，广州电力交易中心组织开展了南方区域跨省跨区跨境连续交易，详细交易结果已通过南方区域统一电力交易平台发布，请相关经营主体登录查看。 广州电力交易中心 2025 年 2 月 20 日,Guangzhou Power Exchange Center,latest_notices,2026-10-02T16:31:05.398741+00:00,,,unlabelled
GZPEC-025,关于发布2025年2月19日南方区域跨省跨区跨境连续交易结果的通知,2025-02-19,http://www.gzpec.cn/information/zxtz/202502/t20250221_34085.html,关于发布 2025年2月19日南方区域跨省跨区跨境连续交易结果的通知 各有关经营主体： 2 月 19 日，广州电力交易中心组织开展了南方区域跨省跨区跨境连续交易，详细交易结果已通过南方区域统一电力交易平台发布，请相关经营主体登录查看。 广州电力交易中心 2025 年 2 月 19 日,Guangzhou Power Exchange Center,latest_notices,2026-10-02T16:31:05.398741+00:00,,,unlabelled
GZPEC-026,关于发布2025年2月18日南方区域跨省跨区跨境连续交易结果的通知,2025-02-18,http://www.gzpec.cn/information/zxtz/202502/t20250221_34084.html,关于发布 2025年2月18日南方区域跨省跨区跨境连续交易结果的通知 各有关经营主体： 2 月 18 日，广州电力交易中心组织开展了南方区域跨省跨区跨境连续交易，详细交易结果已通过南方区域统一电力交易平台发布，请相关经营主体登录查看。 广州电力交易中心 2025 年 2 月 18 日,Guangzhou Power Exchange Center,latest_notices,2026-10-02T16:31:05.398741+00:00,,,unlabelled
GZPEC-027,关于发布2025年2月17日南方区域跨省跨区跨境连续交易结果的通知,2025-02-17,http://www.gzpec.cn/information/zxtz/202502/t20250221_34083.html,关于发布 2025年2月17日南方区域跨省跨区跨境连续交易结果的通知 各有关经营主体： 2 月 17 日，广州电力交易中心组织开展了南方区域跨省跨区跨境连续交易，详细交易结果已通过南方区域统一电力交易平台发布，请相关经营主体登录查看。 广州电力交易中心 2025 年 2 月 17 日,Guangzhou Power Exchange Center,latest_notices,2026-10-02T16:31:05.398741+00:00,,,unlabelled
GZPEC-028,关于发布2025年2月14日南方区域跨省跨区跨境连续交易结果的通知,2025-02-14,http://www.gzpec.cn/information/zxtz/202502/t20250214_34032.html,关于发布 2025年2月14日南方区域跨省跨区跨境连续交易结果的通知 各有关经营主体： 2月14日，广州电力交易中心组织开展了南方区域跨省跨区跨境连续交易，详细交易结果已通过南方区域统一电力交易平台发布，请相关经营主体登录查看。 广州电力交易中心 2025年2月14日,Guangzhou Power Exchange Center,latest_notices,2026-10-02T16:31:05.398741+00:00,,,unlabelled
GZPEC-029,关于发布2025年2月13日南方区域跨省跨区跨境连续交易结果的通知,2025-02-13,http://www.gzpec.cn/information/zxtz/202502/t20250214_34011.html,关于发布 2025年2月13日南方区域跨省跨区跨境连续交易结果的通知 各有关经营主体： 2月13日，广州电力交易中心组织开展了南方区域跨省跨区跨境连续交易，详细交易结果已通过南方区域统一电力交易平台发布，请相关经营主体登录查看。 广州电力交易中心 2025年2月13日,Guangzhou Power Exchange Center,latest_notices,2026-10-02T16:31:05.398741+00:00,,,unlabelled
GZPEC-030,关于发布2025年2月12日南方区域跨省跨区跨境连续交易结果的通知,2025-02-12,http://www.gzpec.cn/information/zxtz/202502/t20250213_33984.html,关于发布 2025年2月12日南方区域跨省跨区跨境连续交易结果的通知 各有关经营主体： 2月12日，广州电力交易中心组织开展了南方区域跨省跨区跨境连续交易，详细交易结果已通过南方区域统一电力交易平台发布，请相关经营主体登录查看。 广州电力交易中心 2025年2月12日,Guangzhou Power Exchange Center,latest_notices,2026-10-02T16:31:05.398741+00:00,,,unlabelled
GZPEC-031,关于发布2025年2月11日南方区域跨省跨区跨境连续交易结果的通知,2025-02-11,http://www.gzpec.cn/information/zxtz/202502/t20250213_33983.html,关于发布 2025年2月11日南方区域跨省跨区跨境连续交易结果的通知 各有关经营主体： 2月11日，广州电力交易中心组织开展了南方区域跨省跨区跨境连续交易，详细交易结果已通过南方区域统一电力交易平台发布，请相关经营主体登录查看。 广州电力交易中心 2025年2月11日,Guangzhou Power Exchange Center,latest_notices,2026-10-02T16:31:05.398741+00:00,,,unlabelled
GZPEC-032,关于组织开展2025年1月南方区域绿色电力认购交易的通知,2025-02-10,http://www.gzpec.cn/information/zxtz/202502/t20250213_33978.html,关于组织开展 2025年1月南方区域绿色电力认购交易的通知 各市场主体： 2025年2月19日-2月20日，广州电力交易中心组织开展2025年1月南方区域绿色电力认购交易。详细交易安排请登录南方区域统一电力交易平台（https://gp.poweremarket.com）查看。 广州电力交易中心 2025年2月10日,Guangzhou Power Exchange Center,latest_notices,2026-10-02T16:31:05.398741+00:00,,,unlabelled
GZPEC-033,关于发布2024年12月南方区域绿色电力认购交易结果的通知,2025-02-10,http://www.gzpec.cn/information/zxtz/202502/t20250213_33977.html,关于发布 2024年12月南方区域绿色电力认购交易结果的通知 有关市场主体： 2025 年 1 月 17 日至 20 日，广州电力交易中心组织开展了 2024 年 12 月南方区域绿色电力认购交易，详细交易结果已通过南方区域统一电力交易平台（ https://gp.poweremarket.com ）发布，请相关市场主体登录查看。 广州电力交易中心 2025 年 2 月 10 日,Guangzhou Power Exchange Center,latest_notices,2026-10-02T16:31:05.398741+00:00,,,unlabelled
GZPEC-034,关于发布2025年2月8日南方区域跨省跨区跨境连续交易结果的通知,2025-02-08,http://www.gzpec.cn/information/zxtz/202502/t20250213_33976.html,关于发布 2025年2月8日南方区域跨省跨区跨境连续交易结果的通知 各有关经营主体： 2 月 8 日，广州电力交易中心组织开展了南方区域跨省跨区跨境连续交易，详细交易结果已通过南方区域统一电力交易平台发布，请相关经营主体登录查看。 广州电力交易中心 2025 年 2 月 8 日,Guangzhou Power Exchange Center,latest_notices,2026-10-02T16:31:05.398741+00:00,,,unlabelled
GZPEC-035,关于发布2025年2月7日南方区域跨省跨区跨境连续交易结果的通知,2025-02-07,http://www.gzpec.cn/information/zxtz/202502/t20250208_33774.html,关于发布 2025年2月7日南方区域跨省跨区跨境连续交易结果的通知 各有关经营主体： 2 月 7 日，广州电力交易中心组织开展了南方区域跨省跨区跨境连续交易，详细交易结果已通过南方区域统一电力交易平台发布，请相关经营主体登录查看。 广州电力交易中心 2025 年 2 月 7 日,Guangzhou Power Exchange Center,latest_notices,2026-10-02T16:31:05.398741+00:00,,,unlabelled
GZPEC-036,关于发布2025年2月6日南方区域跨省跨区跨境连续交易结果的通知,2025-02-06,http://www.gzpec.cn/information/zxtz/202502/t20250208_33773.html,关于发布 2025年2月6日南方区域跨省跨区跨境连续交易结果的通知 各有关经营主体： 2 月 6 日，广州电力交易中心组织开展了南方区域跨省跨区跨境连续交易，详细交易结果已通过南方区域统一电力交易平台发布，请相关经营主体登录查看。 广州电力交易中心 2025 年 2 月 6 日,Guangzhou Power Exchange Center,latest_notices,2026-10-02T16:31:05.398741+00:00,,,unlabelled
GZPEC-037,关于发布2025年2月5日南方区域跨省跨区跨境连续交易结果的通知,2025-02-05,http://www.gzpec.cn/information/zxtz/202502/t20250208_33772.html,关于发布 2025年2月5日南方区域跨省跨区跨境连续交易结果的通知 各有关市场主体： 2 月 5 日，广州电力交易中心分别组织开展了南方区域跨省跨区跨境连续交易，详细交易结果已通过南方区域统一电力交易平台发布，请相关市场主体登录查看。 广州电力交易中心 2025 年 2 月 5 日,Guangzhou Power Exchange Center,latest_notices,2026-10-02T16:31:05.398741+00:00,,,unlabelled
GZPEC-038,关于发布2025年2月南方区域跨省跨区电力交易计划的通知,2025-01-26,http://www.gzpec.cn/information/zxtz/202502/t20250208_33771.html,关于发布 2025年2月南方区域跨省跨区电力交易计划的通知 各市场主体： 1 月 15-20 日，广州电力交易中心组织开展了 2025 年 2 月南方区域跨省跨区月度双边协商、发电合同转让、增量挂牌交易。详细交易结果请相关市场主体通过南方区域统一电力交易平台查看。 特此通知。 广州电力交易中心 2025 年 1 月 26 日,Guangzhou Power Exchange Center,latest_notices,2026-10-02T16:31:05.398741+00:00,,,unlabelled
GZPEC-039,关于发布2025年1月23日和24日南方区域跨省跨区跨境连续交易结果的通知,2025-01-24,http://www.gzpec.cn/information/zxtz/202501/t20250124_33755.html,关于发布 202 5 年 1月23日和24日 南方区域跨省跨区跨境 连续 交易 结果 的通知 各有关 经营 主体： 1 月 23日和24日 ，广州电力交易中心 分别 组织开展了南方区域跨省跨区跨境 连续交易 ，详细交易结果 已 通过南方区域统一电力交易平台 发布， 请相关 经营 主体 登录 查看。 广州电力交易中心 202 5年1月24日,Guangzhou Power Exchange Center,latest_notices,2026-10-02T16:31:05.398741+00:00,,,unlabelled
GZPEC-040,关于发布2025年1月22日南方区域跨省跨区跨境连续交易结果的通知,2025-01-23,http://www.gzpec.cn/information/zxtz/202501/t20250124_33754.html,关于发布 2025年1月22日南方区域跨省跨区跨境连续交易结果的通知 各有关经营主体： 1 月 22 日，广州电力交易中心组织开展了南方区域跨省跨区跨境连续交易，详细交易结果已通过南方区域统一电力交易平台发布，请相关经营主体登录查看。 广州电力交易中心 2025 年 1 月 23 日,Guangzhou Power Exchange Center,latest_notices,2026-10-02T16:31:05.398741+00:00,,,unlabelled
GZPEC-041,关于发布2025年1月21日南方区域跨省跨区跨境连续交易结果的通知,2025-01-22,http://www.gzpec.cn/information/zxtz/202501/t20250124_33753.html,关于发布 2025年1月21日南方区域跨省跨区跨境连续交易结果的通知 各有关经营主体： 1 月 21 日，广州电力交易中心组织开展了南方区域跨省跨区跨境连续交易，详细交易结果已通过南方区域统一电力交易平台发布，请相关经营主体登录查看。 广州电力交易中心 2025 年 1 月 22 日,Guangzhou Power Exchange Center,latest_notices,2026-10-02T16:31:05.398741+00:00,,,unlabelled
GZPEC-042,关于发布2025年1月20日南方区域跨省跨区跨境连续交易结果的通知,2025-01-21,http://www.gzpec.cn/information/zxtz/202501/t20250124_33752.html,关于发布 2025年1月20日南方区域跨省跨区跨境连续交易结果的通知 各有关经营主体： 1 月 20 日，广州电力交易中心组织开展了南方区域跨省跨区跨境连续交易，详细交易结果已通过南方区域统一电力交易平台发布，请相关经营主体登录查看。 广州电力交易中心 2025 年 1 月 21 日,Guangzhou Power Exchange Center,latest_notices,2026-10-02T16:31:05.398741+00:00,,,unlabelled
GZPEC-043,关于发布2025年1月16日和17日南方区域跨省跨区跨境连续交易结果的通知,2025-01-20,http://www.gzpec.cn/information/zxtz/202501/t20250124_33751.html,关于发布 2025年1月16日和17日南方区域跨省跨区跨境连续交易结果的通知 各有关经营主体： 1 月 16 日和 17 日，广州电力交易中心分别组织开展了南方区域跨省跨区跨境连续交易，详细交易结果已通过南方区域统一电力交易平台发布，请相关经营主体登录查看。 广州电力交易中心 2025 年 1 月 20 日,Guangzhou Power Exchange Center,latest_notices,2026-10-02T16:31:05.398741+00:00,,,unlabelled
GZPEC-044,关于发布2025年1月15日南方区域跨省跨区跨境连续交易结果的通知,2025-01-16,http://www.gzpec.cn/information/zxtz/202501/t20250117_33741.html,关于发布 2025年1月15日南方区域跨省跨区跨境连续交易结果的通知 各有关经营主体： 1 月 15 日，广州电力交易中心组织开展了南方区域跨省跨区跨境连续交易，详细交易结果已通过南方区域统一电力交易平台发布，请相关经营主体登录查看。 广州电力交易中心 2025 年 1 月 16 日,Guangzhou Power Exchange Center,latest_notices,2026-10-02T16:31:05.398741+00:00,,,unlabelled
GZPEC-045,关于开展南方区域电力市场宣贯培训（2026年第七批次）的通知,2026-09-15,http://www.gzpec.cn/service/scpx/202609/t20260915_37070.html,关于开展南方区域电力市场宣贯培训（ 2026年第七批次）的通知 各有关市场成员： 为保障南方区域电力市场平稳转入正式运行阶段，赋能市场成员提升电力交易专业水平，提供更优质的服务支撑，现于 9月17日组织开展南方区域电力市场宣贯培训（2026年第七批次），有关事项通知如下： 一、培训内容及时间 （一） 2026年9月17日（周四）上午 （二） 2026年9月17日（周四）下午 二、培训对象 本次培训主要面向南方区域各电网企业、各电力市场运营机构以及相关经营主体。 三、培训方式 本次培训采用南方区域电力市场生态协同平台（ 交易 Wink ）线上形式开展。已有 Wink账号的主体，可通过交易Wink收看；未注册Wink账号的主体，可通过直播链接收看。 直播链接： 2026年9月17日（周四）上午场： https://live.dingtalk.com/r/3gVsiJ0JAh 2026年9月17日（周四）下午场 https://live.dingtalk.com/r/wkm6fYu0Dk 请参培主体提前预约，以免错过直播培训。 四、其他事项 本次培训由广州电力交易中心会同南方总调举办，不收取任何费用。参加培训人员承诺保护知识产权，未经授权不得擅自对外发布本次培训内容。培训过程全程静音，进入交流答疑环节后可通过软件进行在线提问。 联系方式： 400-15-95598转6 特此通知。 附件：南方区域电力市场 “交易Wink”用户手册 识别二维码下载附件 广州电力交易中心有限责任公司 2026年9月14日,Guangzhou Power Exchange Center,market_training,2026-10-02T16:32:02.205219+00:00,,,unlabelled
GZPEC-046,关于开展南方区域电力市场宣贯培训（2026年第六批次）的通知,2026-08-21,http://www.gzpec.cn/service/scpx/202608/t20260825_36803.html,关于开展南方区域电力市场宣贯培训（ 2026年第六批次）的通知 各有关市场成员： 为持续深化 绿电绿证市场 建设，更好服务市场成员参与绿电绿证交易，现组织开展 2026年第六批次南方区域电力市场宣贯培训，有关事项如下： 一、培训内容及时间 （一）绿证核发业务讲解与常见问题答疑 2026年8月25日（周二）上午9:30-10:00 （二）绿证交易业务讲解与常见问题答疑 2026年8月25日（周二）上午10:00-10:30 二、培训对象 本次培训主要面向南方区域各电网企业、各电力市场运营机构以及相关经营主体。 三、培训方式 本次培训采用南方区域电力市场生态协同平台（交易 Wink）线上形式开展。已有Wink账号的主体，可通过交易Wink收看；未注册Wink账号的主体，可通过直播链接收看。 直播链接： https://live.dingtalk.com/r/y3MVAN7FVI 请参培主体提前预约，以免错过直播培训。 四、其他事项 本次培训由广州电力交易中心举办，不收取任何费用。参加培训人员承诺保护知识产权，未经授权不得擅自对外发布本次培训内容。培训过程全程静音，进入交流答疑环节后可通过软件进行在线提问。 联系方式： 400-15-95598转6 特此通知。 识别二维码下载附件 广州电力交易中心有限责任公司 2026年8月21日,Guangzhou Power Exchange Center,market_training,2026-10-02T16:32:02.205219+00:00,,,unlabelled
GZPEC-047,关于开展南方区域电力市场宣贯培训（2026年第五批次）的通知,2026-07-27,http://www.gzpec.cn/service/scpx/202607/t20260728_36671.html,关于开展南方区域电力市场宣贯培训（ 2026年第五批次）的通知 各有关市场成员： 为更好服务市场成员参与南方区域电力市场连续结算试运行，提升市场经营主体对电力交易的专业化水平，现于 7 月 30 日组织开展南方区域电力市场宣贯培训（ 2026 年第五批次），有关事项通知如下。 一、培训内容及时间 （一）广州电力交易中心电力交易服务收费方案及 2026 年收费标准宣贯培训 2026 年 7 月 30 日（周四）上午 9:30-10:00 （二） 关于跨省区电力交易落实第四监管周期输配电价调整工作的方式及说明 2026 年 7 月 30 日（周四）上午 10:00-10:30 二、培训对象 本次培训主要面向南方区域各电网公司、各电力市场运营机构以及相关市场经营主体。 三、培训方式 本次培训采用南方区域电力市场生态协同平台（交易 Wink ）线上形式开展，请参培人员提前自行下载安装交易 Wink 客户端，并于 2026 年 7 月 29 日 17:00 前通过交易 Wink 加入广州电力交易中心相关组织， 2026 年 7 月 30 日上午通过交易 Wink 直播功能加入培训。如登录后未收到相关 “ 团队邀请 ” ，请用交易 Wink 扫描广州电力交易中心二维码加入，具体登录及使用事项请参阅《南方区域电力市场 “ 交易 Wink” 用户手册》（附件）。 未注册 Wink 账号的主体，可通过直播链接收看。 直播链接： https://live.dingtalk.com/r/curbb61zqQ 四、其他事项 本次培训由广州电力交易中心举办，不收取任何费用。参加培训人员承诺保护知识产权，未经授权不得擅自对外发布本次培训内容。培训过程全程静音，进入交流答疑环节后可通过软件进行在线提问。 特此通知。 附件：南方区域电力市场 “ 交易 Wink” 用户手册 识别二维码下载附件 广州电力交易中心有限责任公司 2026 年 7 月 27 日,Guangzhou Power Exchange Center,market_training,2026-10-02T16:32:02.205219+00:00,,,unlabelled
GZPEC-048,关于开展南方区域电力市场宣贯培训（2026年第四批次）的通知,2026-06-22,http://www.gzpec.cn/service/scpx/202606/t20260623_36504.html,关于开展南方区域电力市场宣贯培训（ 2026年第四批次）的通知 各有关市场成员： 为更好服务市场成员参与南方区域电力市场连续结算试运行，提升市场经营主体对电力交易的专业化水平，现于 6月24日组织开展南方区域电力市场宣贯培训（2026年第四批次），有关事项通知如下。 一、培训内容及时间 （一）跨经营区经营主体注册流程介绍 2026年6月24日（周三）上午9:30-10:00 （二）南方区域现货交易申报注意事项 2026年6月24日（周三）上午10:00-10:30 二、培训对象 本次培训主要面向南方区域各电网公司、各电力市场运营机构以及相关市场经营主体。 三、培训方式 本次培训采用南方区域电力市场生态协同平台（交易 Wink）线上形式开展，请参培人员提前自行下载安装交易Wink客户端，并于2026年6月23日17:00前通过交易Wink加入广州电力交易中心相关组织，2026年6月24日上午通过交易Wink直播功能加入培训。如登录后未收到相关“团队邀请”，请用交易Wink扫描广州电力交易中心二维码加入，具体登录及使用事项请参阅《南方区域电力市场“交易Wink”用户手册》（附件）。 未注册 Wink账号的主体，可通过直播链接收看。 直播链接 https://live.dingtalk.com/r/CGbe2tWyqP 四、其他事项 本次培训由广州电力交易中心举办，不收取任何费用。参加培训人员承诺保护知识产权，未经授权不得擅自对外发布本次培训内容。培训过程全程静音，进入交流答疑环节后可通过软件进行在线提问。 特此通知。 附件：南方区域电力市场 “交易Wink”用户手册 识别二维码下载附件 广州电力交易中心有限责任公司 2026年6月22日,Guangzhou Power Exchange Center,market_training,2026-10-02T16:32:02.205219+00:00,,,unlabelled
GZPEC-049,关于开展绿电绿证核发交易市场建设实践宣贯的通知,2026-06-16,http://www.gzpec.cn/service/scpx/202606/t20260618_36477.html,关于开展绿电绿证核发交易市场建设实践宣贯的通知 各有关市场成员： 为积极响应全国低碳日活动，营造节能降碳浓厚氛围，持续深化绿电绿证市场建设，更好服务市场成员参与绿电绿证交易，现组织开展绿电绿证核发交易市场建设实践宣贯，有关事项如下： 一、培训内容及时间 绿电绿证核发交易市场建设实践宣贯 2026年 6月17日 （周三）下午 15:20-16:00 二、培训对象 本次培训主要面向各电网企业、各电力市场运营机构以及相关经营主体。 三、培训方式 本次培训采用南方区域电力市场生态协同平台（交易 Wink）线上形式开展。已有Wink账号的主体，可通过交易Wink收看；未注册Wink账号的主体，可通过直播链接收看。 直播链接： https://live.dingtalk.com/r/Ne73aMFdfE 请参培主体提前预约，以免错过直播培训。 四、其他事项 本次培训由广州电力交易中心举办，不收取任何费用。参加培训人员承诺保护知识产权，未经授权不得擅自对外发布本次培训内容。培训过程全程静音，进入交流答疑环节后可通过软件进行在线提问。 联系方式： 400-15-95598转6 特此通知。 附件：南方区域电力市场 “交易Wink”用户手册 识别二维码下载附件 广州电力交易中心有限责任公司 2026年6月16日,Guangzhou Power Exchange Center,market_training,2026-10-02T16:32:02.205219+00:00,,,unlabelled
GZPEC-050,绿证核发各环节介绍与常见问题答疑,2026-05-25,http://www.gzpec.cn/service/scpx/202605/t20260526_36396.html,绿证核发各环节介绍与常见问题答疑,Guangzhou Power Exchange Center,market_training,2026-10-02T16:32:02.205219+00:00,,,unlabelled
GZPEC-051,绿证交易业务讲解与常见问题答疑,2026-05-25,http://www.gzpec.cn/service/scpx/202605/t20260526_36395.html,绿证交易业务讲解与常见问题答疑,Guangzhou Power Exchange Center,market_training,2026-10-02T16:32:02.205219+00:00,,,unlabelled
GZPEC-052,关于开展南方区域电力市场宣贯培训（2026年第三批次）的通知,2026-05-15,http://www.gzpec.cn/service/scpx/202605/t20260519_36381.html,关于开展南方区域电力市场宣贯培训（ 2026年第三批次）的通知 各有关市场成员： 为持续深化绿电绿证市场建设，更好服务市场成员参与绿电绿证交易，现组织开展 2026年第三批次南方区域电力市场宣贯培训，有关事项如下： 一、培训内容及时间 （一）绿证核发业务讲解与常见问题答疑 2026年 5月19日 （周二）上午 9:30-10:00 （二）绿证交易业务讲解与常见问题答疑 2026年 5月19日 （周二）上午 10:00-10:30 二、培训对象 本次培训主要面向南方区域各电网企业、各电力市场运营机构以及相关经营主体。 三、培训方式 本次培训采用南方区域电力市场生态协同平台（交易 Wink）线上形式开展。已有Wink账号的主体，可通过交易Wink收看；未注册Wink账号的主体，可通过直播链接收看。 直播链接： https://live.dingtalk.com/r/YSmUs959Kv 请参培主体提前预约，以免错过直播培训。 四、其他事项 本次培训由广州电力交易中心举办，不收取任何费用。参加培训人员承诺保护知识产权，未经授权不得擅自对外发布本次培训内容。培训过程全程静音，进入交流答疑环节后可通过软件进行在线提问。 联系方式： 400-15-95598转6 特此通知。 附件：南方区域电力市场 “交易Wink”用户手册 识别二维码下载附件 广州电力交易中心有限责任公司 2026年5月15日,Guangzhou Power Exchange Center,market_training,2026-10-02T16:32:02.205219+00:00,,,unlabelled
GZPEC-053,南方区域现货交易申报注意事项宣贯培训,2026-05-08,http://www.gzpec.cn/service/scpx/202605/t20260512_36354.html,南方区域现货交易申报注意事项宣贯培训,Guangzhou Power Exchange Center,market_training,2026-10-02T16:32:02.205219+00:00,,,unlabelled
GZPEC-054,跨省跨区结算依据编制全流程算例演示宣贯培训,2026-05-08,http://www.gzpec.cn/service/scpx/202605/t20260512_36355.html,跨省跨区结算依据编制全流程算例演示宣贯培训,Guangzhou Power Exchange Center,market_training,2026-10-02T16:32:02.205219+00:00,,,unlabelled
GZPEC-055,南方区域跨省“点对点”交易工作方案及绿电交易培训,2026-05-08,http://www.gzpec.cn/service/scpx/202605/t20260512_36352.html,南方区域跨省 “点对点”交易工作方案及绿电交易培训,Guangzhou Power Exchange Center,market_training,2026-10-02T16:32:02.205219+00:00,,,unlabelled
GZPEC-056,关于开展南方区域电力市场宣贯培训 （2026年第二批次）的通知,2026-04-17,http://www.gzpec.cn/service/scpx/202604/t20260417_36053.html,关于开展南方区域电力市场宣贯培训 （ 2026年第二批次）的通知 各有关市场成员 ： 为更好服务市场成员 参与 南方区域电力市场连续结算试运行， 提升市场经营主体对电力交易的专业化水平， 现于 4月21日组织开展南方区域电力市场宣贯培训（2026年第二批次），有关事项通知如下。 一、 培训内容及时间 （一）南方区域日前出清与可靠性机组组合分别计算模拟运行情况介绍（南方总调） 2026年4月21日（周二）上午9:30-10:00 （二）南方区域现货交易申报注意事项（广州电力交易中心） 2026年4月21日（周二）上午10:00-10:30 （三）南方区域跨省 “点对点”交易工作方案宣贯培训（广州电力交易中心） 2026年4月21日（周二）上午10:30-11:00 （四）跨省跨区结算依据编制全流程算例演示（广州电力交易中心） 2026年4月21日（周二）上午11:00-11:30 二、 培训对象 本次培训主要面向南方区域各电网公司、各电力市场运营机构以及相关市场经营主体。 三、培训方式 本次培训采用南方区域电力市场生态协同平台（交易 Wink）线上形式开展，请参培人员提前自行下载安装交易Wink客户端，并于2026年4月20日17:00前通过交易Wink加入广州电力交易中心相关组织， 2026年4月21日上 午通 过交易 Wink直播功能加入培训。如登录后未收到相关“团队邀请”，请用交易Wink扫描广州电力交易中心二维码加入，具体登录及使用事项请参阅《南方区域电力市场“交易Wink”用户手册》（附件）。 未注册 Wink账号的主体，可通过直播链接收看。 直播链接： https://live.dingtalk.com/r/tlsjokeeSZ 四、其他事项 本次培训由广州电力交易中心会同南方总调举办，不收取任何费用。参加培训人员承诺保护知识产权，未经授权不得擅自对外发布本次培训内容。培训过程全程静音，进入交流答疑环节后可通过软件进行在线提问。 特此通知。 附件：南方区域电力市场 “交易Wink”用户手册 广州电力交易中心有限责任公司 2026年4月17日,Guangzhou Power Exchange Center,market_training,2026-10-02T16:32:02.205219+00:00,,,unlabelled
GZPEC-057,关于开展南方区域电力市场宣贯培训（2026年第一批次）的通知,2026-02-06,http://www.gzpec.cn/service/scpx/202602/t20260206_35846.html,关于开展南方区域电力市场宣贯培训（ 2026年第一批次）的通知 各有关市场成员： 为更好服务市场成员参与南方区域电力市场连续结算试运行，提升市场经营主体对电力交易的专业化水平，现于 2 月 9 日组织开展南方区域电力市场宣贯培训（ 2026 年第一批次），有关事项通知如下。 一、培训内容及时间 （一）南方区域电力现货市场春节特殊运行方式介绍（南方总调） 2026 年 2 月 9 日（周一）下午 14:30-15:00 （二）南方区域电力现货市场春节交易申报注意事项（广州电力交易中心） 2026 年 2 月 9 日（周一）下午 15:00-15:30 二、培训对象 本次培训主要面向南方区域各电网公司、各电力市场运营机构以及相关市场经营主体。 三、培训方式 本次培训采用南方区域电力市场生态协同平台（交易 Wink ）线上形式开展，请参培人员提前自行下载安装交易 Wink 客户端，并于 2025 年 2 月 8 日 17:00 前通过交易 Wink 加入广州电力交易中心相关组织， 2025 年 2 月 9 日下午通过交易 Wink 直播功能加入培训。如登录后未收到相关 “ 团队邀请 ” ，请用交易 Wink 扫描广州电力交易中心二维码加入，具体登录及使用事项请参阅《南方区域电力市场 “ 交易 Wink” 用户手册》（附件）。 未注册 Wink 账号的主体，可通过直播链接收看。 直播链接： https://live.dingtalk.com/r/4cZ4B4DRKg 四、其他事项 本次培训由广州电力交易中心会同南方总调举办，不收取任何费用。参加培训人员承诺保护知识产权，未经授权不得擅自对外发布本次培训内容。培训过程全程静音，进入交流答疑环节后可通过软件进行在线提问。 特此通知。 附件：南方区域电力市场 “ 交易 Wink” 用户手册 识别二维码下载附件 广州电力交易中心有限责任公司 2026 年 2 月 6 日,Guangzhou Power Exchange Center,market_training,2026-10-02T16:32:02.205219+00:00,,,unlabelled
GZPEC-058,关于开展南方区域电力市场宣贯培训（2025年第七批次）的通知,2025-12-28,http://www.gzpec.cn/service/scpx/202601/t20260106_35728.html,关于开展南方区域电力市场宣贯培训（ 2025年第七批次）的通知 各有关市场成员： 为更好服务市场成员参与南方区域电力市场连续结算试运行，提升市场经营主体对电力交易的专业化水平，现于 12 月 30 日组织开展南方区域电力市场宣贯培训（ 2025 年第七批次），有关事项通知如下。 一、培训内容及时间 （一）《南方区域电力现货市场日前出清和可靠性机组组合分别计算实施方案》专题培训（南方总调） 2025 年 12 月 30 日（周二）上午 9:30-10:00 。 （二） 2026 年 1-2 月日前出清与可靠性机组组合分离的模拟工作安排宣贯（广州电力交易中心） 2025 年 12 月 30 日（周二）上午 10:00-10:30 。 二、培训对象 本次培训主要面向南方区域各电网公司、各电力市场运营机构以及相关市场经营主体。 三、培训方式 本次培训采用南方区域电力市场生态协同平台（交易 Wink ）线上形式开展，请参培人员提前自行下载安装交易 Wink 客户端，并于 2025 年 12 月 29 日 17:00 前通过交易 Wink 加入广州电力交易中心相关组织， 2025 年 12 月 30 日上午通过交易 Wink 直播功能加入培训。如登录后未收到相关 “ 团队邀请 ” ，请用交易 Wink 扫描广州电力交易中心二维码加入，具体登录及使用事项请参阅《南方区域电力市场 “ 交易 Wink” 用户手册》（附件）。 未注册 Wink 账号的主体，可通过直播链接收看。 直播链接： https://live.dingtalk.com/r/bzZCSPwj5T 四、其他事项 本次培训由广州电力交易中心会同南方总调举办，不收取任何费用。参加培训人员承诺保护知识产权，未经授权不得擅自对外发布本次培训内容。培训过程全程静音，进入交流答疑环节后可通过软件进行在线提问。 特此通知。 附件：南方区域电力市场 “ 交易 Wink” 用户手册 识别二维码下载附件 广州电力交易中心有限责任公司 2025 年 12 月 28 日 （联系人：培训安排，李海尧， 020-36623113 ； 交易 Wink ，蒋欣蓉， 020-36623104 ）,Guangzhou Power Exchange Center,market_training,2026-10-02T16:32:02.205219+00:00,,,unlabelled
GZPEC-059,南方区域电力市场注册业务培训,2025-11-27,http://www.gzpec.cn/service/scpx/202511/t20251128_35638.html,南方区域电力市场注册业务培训,Guangzhou Power Exchange Center,market_training,2026-10-02T16:32:02.205219+00:00,,,unlabelled
GZPEC-060,南方区域电力现货市场出清原理宣贯培训,2025-11-27,http://www.gzpec.cn/service/scpx/202511/t20251128_35639.html,南方区域电力现货市场出清原理宣贯培训,Guangzhou Power Exchange Center,market_training,2026-10-02T16:32:02.205219+00:00,,,unlabelled
GZPEC-061,关于开展南方区域电力市场宣贯培训（2025年第六批次）的通知,2025-11-24,http://www.gzpec.cn/service/scpx/202511/t20251125_35632.html,关于开展南方区域电力市场宣贯培训（ 2025年第六批次）的通知 各有关市场成员： 为更好服务市场成员参与南方区域电力市场连续结算试运行，提升市场经营主体对电力交易的专业化水平，现于 11 月 27 日组织开展南方区域电力市场宣贯培训（ 2025 年第六批次），有关事项通知如下。 一、培训内容及时间 （一）南方区域电力市场现货出清原理宣贯培训（南方总调） 2025 年 11 月 27 日（周四）上午 9:30-10:00 。 （二）南方区域跨省跨区市场经营主体注册培训（广州电力交易中心） 2025 年 11 月 27 日（周四）上午 10:00-10:30 。 二、培训对象 本次培训主要面向南方区域各电网公司、各电力市场运营机构以及相关市场经营主体。 三、培训方式 本次培训采用南方区域电力市场生态协同平台（交易 Wink ）线上形式开展，请参培人员提前自行下载安装交易 Wink 客户端，并于 2025 年 11 月 26 日 17:00 前通过交易 Wink 加入广州电力交易中心相关组织， 2025 年 11 月 27 日上午通过交易 Wink 直播功能加入培训。如登录后未收到相关“团队邀请”，请用交易 Wink 扫描广州电力交易中心二维码加入，具体登录及使用事项请参阅《南方区域电力市场“交易 Wink ”用户手册》（附件）。 未注册 Wink 账号的主体，可通过直播链接收看。 直播链接： https://live.dingtalk.com/r/ugNNYcYJHq 四、其他事项 本次培训由广州电力交易中心会同南方总调举办，不收取任何费用。参加培训人员承诺保护知识产权，未经授权不得擅自对外发布本次培训内容。培训过程全程静音，进入交流答疑环节后可通过软件进行在线提问。 特此通知。 附件：南方区域电力市场 “交易 Wink ”用户手册 识别二维码下载附件 广州电力交易中心有限责任公司 2025 年 11 月 24 日 （联系人：培训安排，李海尧， 020-36623113 ； 交易 Wink ，蒋欣蓉， 020-36623104 ）,Guangzhou Power Exchange Center,market_training,2026-10-02T16:32:02.205219+00:00,,,unlabelled
GZPEC-062,关于开展南方区域电力市场宣贯培训（2025年第五批次）的通知,2025-10-22,http://www.gzpec.cn/service/scpx/202510/t20251024_35534.html,关于开展南方区域电力市场宣贯培训（ 2025年第五批次）的通知 各有关市场成员： 为更好服务市场成员参与南方区域电力市场连续结算试运行，提升市场经营主体对电力交易的专业化水平，现于 10 月 24 日组织开展南方区域电力市场宣贯培训（ 2025 年第五批次），有关事项通知如下。 一、培训内容及时间 南方区域电力市场典型问题咨询解答（南方总调、广州电力交易中心） 2025 年 10 月 24 日（周五）上午 9:30-10:30 。 二、培训对象 本次培训主要面向南方区域各电网公司、各电力市场运营机构以及相关市场经营主体。 三、培训方式 本次培训采用南方区域电力市场生态协同平台（交易 Wink ）线上形式开展，请参培人员提前自行下载安装交易 Wink 客户端，并于 2025 年 10 月 23 日 17:00 前通过交易 Wink 加入广州电力交易中心相关组织， 2025 年 10 月 24 日上午通过交易 Wink 直播功能加入培训。如登录后未收到相关 “ 团队邀请 ” ，请用交易 Wink 扫描广州电力交易中心二维码加入，具体登录及使用事项请参阅《南方区域电力市场 “ 交易 Wink” 用户手册》（附件）。 未注册 Wink 账号的主体，可通过直播链接收看。 直播链接： https://live.dingtalk.com/r/44IQNILbNQ 四、其他事项 本次培训由广州电力交易中心会同南方总调举办，不收取任何费用。参加培训人员承诺保护知识产权，未经授权不得擅自对外发布本次培训内容。培训过程全程静音，进入交流答疑环节后可通过软件进行在线提问。 特此通知。 附件：南方区域电力市场 “ 交易 Wink” 用户手册 识别二维码下载附件 广州电力交易中心有限责任公司 2025年10月21日 （联系人：培训安排，李海尧， 020-36623113； 交易 Wink，蒋欣蓉，020-36623104）,Guangzhou Power Exchange Center,market_training,2026-10-02T16:32:02.205219+00:00,,,unlabelled
GZPEC-063,绿证核发及划转流程介绍与常见问题答疑,2025-09-26,http://www.gzpec.cn/service/scpx/202509/t20250926_35493.html,绿证核发及划转流程介绍与常见问题答疑,Guangzhou Power Exchange Center,market_training,2026-10-02T16:32:02.205219+00:00,,,unlabelled
GZPEC-064,广州电力交易中心可再生能源绿色电力证书交易实施细则介绍,2025-08-04,http://www.gzpec.cn/service/scpx/202508/t20250815_34958.html,广州电力交易中心可再生能源绿色电力证书交易实施细则介绍 讲解人：林湃煜,Guangzhou Power Exchange Center,market_training,2026-10-02T16:32:02.205219+00:00,,,unlabelled
GZPEC-065,跨电网经营区常态化交易机制方案宣贯培训,2025-07-23,http://www.gzpec.cn/service/scpx/202507/t20250725_34817.html,跨电网经营区常态化交易机制方案宣贯培训 讲解人：广州电力交易中心发展研究部 许喆,Guangzhou Power Exchange Center,market_training,2026-10-02T16:32:02.205219+00:00,,,unlabelled
GZPEC-066,关于开展南方区域电力市场宣贯培训（2025年第三批次）的通知,2025-07-15,http://www.gzpec.cn/service/scpx/202507/t20250716_34801.html,关于开展南方区域电力市场宣贯培训（ 2025年第三批次）的通知 各有关市场成员： 为更好服务市场成员参与南方区域电力市场连续结算试运行，提升市场经营主体对电力交易的专业化水平，现于 7 月 17 日组织开展南方区域电力市场宣贯培训（ 2025 年第三批次），有关事项通知如下。 一、培训内容及时间 （一）南方区域电力市场典型问题咨询解答（南方总调、广州电力交易中心） 2025 年 7 月 17 日（周四）下午 14:30-15:30 。 （二）跨电网经营区常态化交易机制方案宣贯解读（广州电力交易中心） 2025 年 7 月 17 日（周四）下午 15:30-16:00 。 二、培训对象 本次培训主要面向南方区域各电网公司、各电力市场运营机构以及相关市场经营主体。 三、培训方式 本次培训采用南方区域电力市场生态协同平台（交易 Wink ）线上形式开展，请参培人员提前自行下载安装交易 Wink 客户端，并于 2025 年 7 月 16 日 17:00 前通过交易 Wink 加入广州电力交易中心相关组织， 2025 年 7 月 17 日上午通过交易 Wink 直播功能加入培训。如登录后未收到相关 “ 团队邀请 ” ，请用交易 Wink 扫描广州电力交易中心二维码加入，具体登录及使用事项请参阅《南方区域电力市场 “ 交易 Wink” 用户手册》（附件）。各市场成员也可通过直播链接进入直播间观看： https://live.dingtalk.com/r/U2uujFHqiK 四、其他事项 本次培训由广州电力交易中心会同南方总调举办，不收取任何费用。参加培训人员承诺保护知识产权，未经授权不得擅自对外发布本次培训内容。培训过程全程静音，进入交流答疑环节后可通过软件进行在线提问。 特此通知。 附件：南方区域电力市场 “ 交易 Wink” 用户手册 识别二维码下载附件 广州电力交易中心有限责任公司 2025 年 7 月 15 日 （联系人：培训安排，李海尧， 020-36623113 ； 交易 Wink ，蒋欣蓉， 020-36623104 ）,Guangzhou Power Exchange Center,market_training,2026-10-02T16:32:02.205219+00:00,,,unlabelled
GZPEC-067,南方区域电力市场结算试运行培训课件（2025年6月）,2025-06-27,http://www.gzpec.cn/service/scpx/202506/t20250627_34731.html,南方区域电力市场结算试运行培训课件（2025年6月）,Guangzhou Power Exchange Center,market_training,2026-10-02T16:32:02.205219+00:00,,,unlabelled
GZPEC-068,南方区域电力市场2025年第二批次 宣贯培训顺利开展,2025-06-20,http://www.gzpec.cn/service/scpx/202506/t20250620_34704.html,南方区域电力市场 2025年第二批次 宣贯培训顺利开展 6月 19日-20日，广州电力交易中心会同南方总调面向市场经营主体、电网企业、第三方机构等，通过“ 交易 Wink ”平台开展2025年第二批次南方区域电力市场宣贯培训。本次培训是南方区域电力市场即将进入连续结算试运行前的全面集中培训，市场成员热情高涨，参与人数突破2000人次，区域市场关注度持续提升。 此次培训，不仅围绕南方区域电力市场近期修订的实施细则进行系统讲解，还重点解读了连续结算试运行实施方案，为市场经营主体有序参与即将到来的区域电力市场连续结算试运行奠定良好基础。同时，介绍了南方区域跨省 跨区 “点对点”绿电交易工作方案，进一步增强主体对多层次、多品类、多功能电力市场的理解。会上设置了答疑环节，针对主体关切问题逐一解答，精准回应主体诉求。 下一步，广州电力交易中心将持续以市场经营主体诉求为服务根本，加强宣贯培训，更好引导市场经营主体参与电力市场化交易，不断厚植统一电力市场发展土壤。,Guangzhou Power Exchange Center,market_training,2026-10-02T16:32:02.205219+00:00,,,unlabelled
GZPEC-069,关于开展南方区域电力市场宣贯培训（2025年第二批次）的通知,2025-06-16,http://www.gzpec.cn/service/scpx/202506/t20250617_34691.html,关于开展南方区域电力市场宣贯培训 （ 2025年第二批次）的通知 各有关市场成员 ： 为更好服务市场成员 参与 南方区域电力市场连续结算试运行， 提升 市场经营主体 对 电力交易 的专业化水平 ， 现于 6月19-20日组织开展南方区域电力市场宣贯培训（2025年第二批次），有关事项通知如下。 一、 培训内容及时间 （ 一 ）南方区域电力市场注册实施细则 （广州电力交易中心） 2025年6月19日（周四）上午09:00-09:30。 （ 二 ） 南方区域电力市场中长期电能量交易实施细则 （广州电力交易中心） 2025年6月19日（周四）上午09:30-10:00。 （三）南方区域电力市场现货结算实施细则 （广州电力交易中心） 2025年6月19日（周四）上午10:00-10:30。 （四）南方区域电力市场信息披露实施细则 （广州电力交易中心） 2025年6月19日（周四）上午10:30-11:00。 （五） 南方区域电力市场连续结算试运行实施方案 （南方总调、广州电力交易中心） 2025年6月 20日（周五）上午09:00-09:30。 （六） 南方区域跨省跨区 “点对点”绿电交易工作方案 （广州电力交易中心） 2025年6月20日（周五）上午09:3 0-10:00。 二、 培训对象 本次培训主要面向南方区域各电网公司、各电力市场运营机构以及准备参与结算试运行的相关市场经营主体。 三、培训方式 本次培训采用南方区域电力市场生态协同平台（交易 Wink）线上形式开展，请参培人员提前自行下载安装交易Wink客户端，并于2025年6月18日17:00前通过交易Wink加入广州电力交易中心相关组织， 2025年6月19日 上午通 过交易 Wink直播功能加入培训。如登录后未收到相关“团队邀请”，请用交易Wink扫描广州电力交易中心二维码加入，具体登录及使用事项请参阅《南方区域电力市场“交易Wink”用户手册》（附件）。 四、其他事项 本次培训由广州电力交易中心会同南方总调举办，不收取任何费用。参加培训人员承诺保护知识产权，未经授权不得擅自对外发布本次培训内容。培训过程全程静音，进入交流答疑环节后可通过软件进行在线提问。 特此通知。 附件：南方区域电力市场 “交易Wink”用户手册 广州电力交易中心有限责任公司 202 5 年 6 月 16 日 （联系人： 培训安排，李海尧 ， 020-366 23113； 龙 翔， 020-36623025； 交易 Wink，蒋欣蓉，020-36623104 ）,Guangzhou Power Exchange Center,market_training,2026-10-02T16:32:02.205219+00:00,,,unlabelled
GZPEC-070,广州电力交易中心组织开展2025年第一批南方区域电力市场宣贯培训,2025-04-25,http://www.gzpec.cn/service/scpx/202504/t20250425_34451.html,广州电力交易中心组织开展2025年第一批南方区域电力市场宣贯培训 为全面提升市场成员专业认知，赋能市场经营主体更好参与电力市场交易，2025年4月25日，广州电力交易中心联合南网总调通过交易Wink平台举办2025年 第一批南方区域电力市场宣贯培训，南方区域电网、发电、售电及用电企业共500余名从业人员参与。 围绕市场关切，本次培训聚焦在南方区域电力现货市场2025年5月结算试运行的核心内容，通过“规则解读+系统介绍+算例分析”对结算试运行实施方案、交易申报流程及结算模式等方面进行详细讲解，并对市场成员的疑难点进行实时解答回应，阻力参培人员精准把握规则要点与操作流程，为电力现货市场结算试运行顺利开展奠定良好基础。下一步，广州电力交易中心将继续深化市场服务，加强宣贯培训，推动南方区域电力市场高质量发展。,Guangzhou Power Exchange Center,market_training,2026-10-02T16:32:02.205219+00:00,,,unlabelled
GZPEC-071,关于开展南方区域电力市场宣贯培训（2025年第一批次）的通知,2025-04-22,http://www.gzpec.cn/service/scpx/202504/t20250424_34447.html,关于开展南方区域电力市场宣贯培训（ 2025年第一批次）的通知 各有关市场成员： 为做好 2025 年 5 月南方区域电力现货市场结算试运行的准备，提升各市场成员的市场专业能力，现组织开展南方区域电力市场宣贯培训（ 2025 年第一批次），有关事项通知如下。 01 培训内容及时间 （一）南方区域电力现货市场 2025 年 5 月结算试运行实施方案（征求意见稿）宣贯 （南网总调、广州电力交易中心） 2025 年 4 月 25 日（周五）上午 09:00-10:30 。 （二）南方区域电力现货市场交易申报及系统功能调整介绍 （广州电力交易中心） 2025 年 4 月 25 日（周五）上午 10:30-11:00 。 （三）南方区域电力市场结算模式及算例解读 （广州电力交易中心） 2025 年 4 月 25 日（周五）上午 11:00-11:30 。 02 培训对象 本次培训主要面向南方区域各电网公司、各电力市场运营机构以及准备参与结算试运行的相关市场经营主体。 03 培训方式 本次培训采用南方区域电力市场生态协同平台（交易 Wink ）线上形式开展，请参培人员提前自行下载安装交易 Wink 客户端，并于 2025 年 4 月 24 日 17:00 前通过交易 Wink 加入广州电力交易中心相关组织， 2025 年 4 月 25 日上午通过交易 Wink 直播功能加入培训。如登录后未收到相关 “ 团队邀请 ” ，请用交易 Wink 扫描广州电力交易中心二维码加入，具体登录及使用事项请参阅《南方区域电力市场 “ 交易 Wink” 用户手册》（附件）。 04 其他事项 本次培训由广州电力交易中心会同南网总调举办，不收取任何费用。参加培训人员承诺保护知识产权，未经授权不得擅自对外发布本次培训内容。培训过程全程静音，进入交流答疑环节后可通过软件举手功能提问。 特此通知。 附件：南方区域电力市场 “交易Wink”用户手册 长按识别二维码可查阅并下载 《南方区域电力市场 “ 交易 Wink” 用户手册》 广州电力交易中心有限责任公司 2025 年 4 月 22 日 联系人： 培训安排： 龙 翔 ， 020-36623025 李海尧， 020-36623043 交易 Wink ： 蒋欣蓉， 020-36623104,Guangzhou Power Exchange Center,market_training,2026-10-02T16:32:02.205219+00:00,,,unlabelled
GZPEC-072,面向全国统一电力市场的南方区域统一数字身份体系建设与应用（培训）,2025-02-26,http://www.gzpec.cn/service/scpx/202502/t20250226_34110.html,面向全国统一电力市场的南方区域统一数字身份体系建设与应用（培训）,Guangzhou Power Exchange Center,market_training,2026-10-02T16:32:02.205219+00:00,,,unlabelled
GZPEC-073,绿色竞争力构建与绿电绿证政策宣讲活动成功举办,2024-12-12,http://www.gzpec.cn/service/scpx/202502/t20250213_33842.html,绿色竞争力构建与绿电绿证政策宣讲活动成功举办 12 月 9 日，国家节能中心会同南方电网广州电力交易中心、深圳供电局在深圳市组织开展绿色竞争力构建与绿电绿证政策宣讲活动。活动以习近平新时代中国特色社会主义思想为指导，全面贯彻党的二十大和二十届二中、三中全会精神，认真落实《关于加快经济社会发展全面绿色转型的意见》，增强外向型企业和重点用能单位对绿电绿证及节能降碳政策的认识了解，构建提升市场竞争优势，助力经济社会高质量发展。国家节能中心副主任闫勇哲、广州电力交易中心党委委员王鑫根出席活动并分别主持，深圳市发展改革委副主任许云飞、南方电网深圳供电局总经理文学出席活动并致辞，广东省能源局二级巡视员王伟东参加活动。 生态环境部应对气候变化司一级巡视员蒋兆理就碳足迹与排放因子等政策进行解读，国家发展改革委环资司、国家能源局新能源司相关同志围绕加快经济社会发展全面绿色转型、绿电绿证政策等进行宣讲，商务部国际贸易经济合作院学术委员会副主任张建平、澳门国际碳排放权交易所总经理孟萌、广州电力交易中心绿电发展中心副主任张廷营、深圳供电局市场及客户服务部副总经理成坤等分别针对国际绿色贸易政策新动向、全球碳市场进展及构建可靠开放的国际碳信用市场的思考、新型电力系统构建与绿电绿证交易规则、绿电绿证服务企业等方面作主旨报告。活动最后，主办方组织绿电绿证供应商和需求企业开展现场撮合交易， 15 家发电企业、售电企业、用电用能企业等现场签署绿电绿证购买协议或意向书，促成绿电绿证交易 247 亿千瓦时。 安徽、广东、广西、海南、云南等部分地区的发展改革委等部门、企业及咨询机构代表近 400 人参加本次活动。 来源：国家节能宣传平台,Guangzhou Power Exchange Center,market_training,2026-10-02T16:32:02.205219+00:00,,,unlabelled
GZPEC-074,关于开展南方区域电力市场宣贯培训（2024年第6批次）的通知,2024-11-27,http://www.gzpec.cn/service/scpx/202502/t20250213_33841.html,关于开展南方区域电力市场宣贯培训（ 2024年第6批次）的通知 各有关市场成员： 根据《南方区域电力市场 2024 年试运行方案》和南方区域电力市场建设联席会议要求，为更好服务市场经营主体，答疑解惑本次结算试运行有关问题，为后续长周期连续结算试运行工作奠定基础，现组织开展南方区域电力市场典型问题咨询和试运行结算情况培训（ 2024 年第 6 批次），有关事项通知如下。 一、培训内容及时间 （一）南方区域电力市场典型问题咨询解答（南网总调梁彦杰讲解） 2024 年 11 月 28 日（周四）上午 10:00-10:30 。 （二）南方区域电力市场试运行结算情况（广州电力交易中心牟春风讲解） 2024 年 11 月 28 日（周四）上午 10:30-11:00 。二、培训对象 本次培训主要面向南方区域电力市场运营机构以及参与结算试运行的相关市场主体。 三、培训方式 本次培训全面采用南方区域电力市场生态协同平台（交易 Wink ）线上形式开展，请参培人员提前自行下载安装交易 Wink 客户端，并于 2024 年 11 月 28 日（周四） 10:00 前通过交易 Wink 加入广州电力交易中心相关组织，并应用交易 Wink 直播功能加入培训。如登录后未收到相关 “ 团队邀请 ” ，请用交易 Wink 扫描广州电力交易中心二维码加入，具体登录及使用事项请参阅《南方区域电力市场 “ 交易 Wink” 用户手册》（附件 2 ）。如未参与直播培训的市场主体，可以在 11 月 28 日下午观看培训录像。 四、其他事项 本次培训由广州电力交易中心会同南网总调举办，不收取任何费用。参加培训人员承诺保护知识产权，未经授权不得擅自对外发布本次培训内容。培训过程全程静音，进入交流答疑环节后可通过软件举手功能提问。 特此通知。 附件 南方区域电力市场宣贯培训（ 2024 年第 6 批次）培训课程安排 南方区域电力市场 “ 交易 Wink”App 操作指引 广州电力交易中心有限责任公司 2024 年 11 月 27 日 联系人 培训安排： 龙翔， 020-36623025 ； 钟桂全， 020-36623041 交易 Wink ： 何涵， 020-36623092 附件 1 ：南方区域电力市场宣贯培训（ 2024 年第 6 批次）培训课程安排 序号 时间安排 培训内容 讲师 1 10:00-10:30 南方区域电力市场典型问题咨询解答 南网总调梁彦杰 2 10:30-11:00 南方区域电力市场试运行结算情况 广州电力交易中心牟春风 附件 2 ：南方区域电力市场 “ 交易 Wink” 用户手册 长按识别二维码可查阅并下载 《南方区域电力市场 “ 交易 Wink” 用户手册》,Guangzhou Power Exchange Center,market_training,2026-10-02T16:32:02.205219+00:00,,,unlabelled
GZPEC-075,关于开展南方区域电力市场宣贯培训（2024年第5批次）的通知,2024-11-13,http://www.gzpec.cn/service/scpx/202502/t20250213_33840.html,关于开展南方区域电力市场宣贯培训（ 2024年第5批次）的通知 各有关市场成员： 根据《南方区域电力市场 2024 年试运行方案》和南方区域电力市场建设联席会议要求，为做好南方区域电力市场四季度下半月结算试运行工作，现组织开展南方区域电力市场典型问题咨询和试运行结算情况培训（ 2024 年第 5 批次），有关事项通知如下。 一、培训内容及时间 （一）南方区域电力市场典型问题咨询解答（南网总调梁彦杰讲解） 2024 年 11 月 14 日上午 11:00-11:30 。 （二）南方区域电力市场试运行结算情况（广州电力交易中心牟春风讲解） 2024 年 11 月 14 日上午 11:30-12:00 。 二、培训对象 本次培训主要面向南方区域电力市场运营机构以及参与结算试运行的相关市场主体。 三、培训方式 本次培训全面采用南方区域电力市场生态协同平台（交易 Wink ）线上形式开展，请参培人员提前自行下载安装交易 Wink 客户端，并于 2024 年 11 月 13 日（周三） 17:00 前通过交易 Wink 加入广州电力交易中心相关组织， 2024 年 11 月 14 日上午通过交易 Wink 直播功能加入培训。如登录后未收到相关 “ 团队邀请 ” ，请用交易 Wink 扫描广州电力交易中心二维码加入，具体登录及使用事项请参阅《南方区域电力市场 “ 交易 Wink” 用户手册》（附件 2 ）。如未参与直播培训的市场主体，可以在 11 月 14 日下午观看培训录像。 四、培训要求 本次培训由广州电力交易中心会同南网总调举办，不收取任何费用。参加培训单位及人员承诺保护知识产权，未经授权不得擅自对外发布本次培训内容。培训过程全程静音，进入交流答疑环节后可通过软件举手功能提问。 特此通知。 附件： 1. 南方区域电力市场宣贯培训（ 2024 年第 5 批次）培训课程安排 2. 南方区域电力市场 “ 交易 Wink”App 操作指引 广州电力交易中心有限责任公司 2024 年 11 月 13 日 联系人： 培训安排：龙翔， 020-36623025 ；钟桂全， 020-36623041 交易 Wink ：何涵， 020-36623092 附件 1 ：南方区域电力市场宣贯培训（ 2024 年第 5 批次）培训课程安排 序号 时间安排 培训内容 讲师 1 11:00-11:30 南方区域电力市场典型问题咨询解答 南网总调梁彦杰 2 11:30-12:00 南方区域电力市场试运行结算情况 广州电力交易中心牟春风 附件 2 ：南方区域电力市场 “ 交易 Wink” 用户手册 长按识别二维码可查阅并下载 《南方区域电力市场 “ 交易 Wink” 用户手册》,Guangzhou Power Exchange Center,market_training,2026-10-02T16:32:02.205219+00:00,,,unlabelled
GZPEC-076,关于开展南方区域电力市场宣贯培训（2024年第4批次）的通知,2024-10-25,http://www.gzpec.cn/service/scpx/202502/t20250213_33839.html,关于开展南方区域电力市场宣贯培训（ 2024年第4批次）的通知 各有关市场成员： 根据《南方区域电力市场 2024 年试运行方案》和南方区域电力市场建设联席会议 2024 年第四次会议要求，为提升各市场成员的市场专业能力，做好南方区域电力市场四季度结算试运行准备，为实现长周期结算试运行奠定基础，现组织开展南方区域电力市场宣贯培训（ 2024 年第 4 批次），有关事项通知如下。 一、培训内容及时间 （一）南方区域电力市场 2024 年第四季度市场试运行方案培训（南网总调王旭辉、广州电力交易中心牟春风讲解） 2024 年 10 月 28 日上午 09:30-10:00 。 （二）南方区域电力市场 2024 年第四季度市场试运行交易组织培训（广州电力交易中心专家陈灏讲解） 2024 年 10 月 28 日上午 10:00-10:30 。 （三）南方区域电力市场 2024 年第四季度市场试运行结算业务培训（广州电力交易中心专家黄筱婷讲解） 2024 年 10 月 28 日上午 10:30-11:00 。 （四）南方区域电力市场 2024 年市场管理及信息披露业务培训（广州电力交易中心专家龙翔、陈佳伟讲解） 2024 年 10 月 28 日上午 11:00-11:30 。 二、培训对象 本次培训主要面向南方区域电力市场运营机构以及准备参与结算试运行的相关市场主体。 三、培训方式 本次培训全面采用南方区域电力市场生态协同平台（交易 wink ）线上形式开展，请参培人员提前自行下载安装交易 Wink 客户端，并于 2024 年 10 月 27 日（周日） 17:00 前通过交易 Wink 加入广州电力交易中心相关组织， 2024 年 10 月 28 日上午通过交易 Wink 直播功能加入培训。如登录后未收到相关 “ 团队邀请 ” ，请用交易 Wink 扫描广州电力交易中心二维码加入，具体登录及使用事项请参阅《南方区域电力市场 “ 交易 Wink” 用户手册》（附件 2 ）。如未参与直播培训的市场主体，可以在 10 月 28 日下午观看培训录像。 四、培训要求 本次培训由广州电力交易中心会同南网总调举办，不收取任何费用。参加培训人员承诺保护知识产权，未经授权不得擅自对外发布本次培训内容。对无故不参加的，广州电力交易中心将视情况公开通报。培训过程全程静音，进入交流答疑环节后可通过软件举手功能提问。 特此通知。 附件： 1. 南方区域电力市场宣贯培训（ 2024 年第 4 批次）培训课程安排 2. 南方区域电力市场 “ 交易 Wink”App 操作指引 广州电力交易中心有限责任公司 2024 年 10 月 25 日 联系人 培训安排，钟桂全， 020-36623041 交易 wink ，何涵， 020-36623092 附件 1 ：南方区域电力市场宣贯培训（ 2024 年第 4 批次）培训课程安排 序号 时间安排 培训内容 讲师 1 09:30-10:00 南方区域电力现货市场四季度结算试运行实施方案 南网总调王旭辉 广州电力交易中心牟春风 2 10:00-10:30 南方区域电力现货市场四季度结算试运行交易组织培训 广州电力交易中心陈灏 3 10:00-10:30 南方区域电力现货市场四季度结算试运行结算业务培训 广州电力交易中心黄筱婷 4 11:00-11:30 南方区域电力市场 2024 年市场管理及信息披露业务培训 广州电力交易中心龙翔 广州电力交易中心陈佳伟 附件 2 ：南方区域电力市场 “ 交易 Wink”App 操作指引 长按识别二维码可查阅并下载 《南方区域电力市场 “ 交易 Wink” 用户手册》,Guangzhou Power Exchange Center,market_training,2026-10-02T16:32:02.205219+00:00,,,unlabelled
GZPEC-077,关于开展南方区域电力市场宣贯培训（2024年第三批次）的通知,2024-08-19,http://www.gzpec.cn/service/scpx/202502/t20250212_33838.html,关于开展南方区域电力市场宣贯培训（ 2024年第三批次）的通知 各有关市场成员： 根据《南方区域电力市场 2024 年试运行方案》和南方区域电力市场建设联席会议 2024 年第三次会议要求，为提升各市场成员的市场专业能力，做好南方区域电力市场三季度结算试运行准备，为年底实现长周期结算试运行奠定基础，现组织开展南方区域电力市场宣贯培训（ 2024 年第三批次），有关事项通知如下。 一 培训内容及时间 （一）南方区域电力市场 2024 年第三季度市场试运行方案培训（南网总调、广州电力交易中心专家讲解） 2024 年 8 月 20 日上午 09:30-10:00 。 （二）南方区域电力市场 2024 年第三季度市场试运行交易组织培训（广州电力交易中心专家讲解） 2024 年 8 月 20 日上午 10:00-10:30 。 二 培训对象 各发电企业、售电公司业务人员，南网超高压公司、各省级电网公司、各省级市场运营机构业务人员。 三 培训方式 本次培训全面采用南方区域电力市场生态协同平台（交易 wink ）线上形式开展，请参培人员提前自行下载安装交易 Wink 客户端，并于 2024 年 8 月 19 日（周一） 18:00 前通过交易 Wink 加入广州电力交易中心相关组织， 2024 年 8 月 20 日上午通过交易 Wink 直播功能加入培训。如登录后未收到相关 “ 团队邀请 ” ，请用交易 Wink 扫描广州电力交易中心二维码加入，具体登录及使用事项请参阅《南方区域电力市场 “ 交易 Wink” 用户手册》（附件 2 ）。 四 培训要求 本次培训由广州电力交易中心会同南网总调举办，不收取任何费用。参加培训人员承诺保护知识产权，未经授权不得擅自对外发布本次培训内容。对无故不参加的，广州电力交易中心将视情况公开通报。培训过程全程静音，进入交流答疑环节后可通过软件举手功能提问。 特此通知。 联系人：钟桂全 联系电话： 020-36623041 广州电力交易中心有限责任公司 2024 年 8 月 19 日 附件 1 ：南方区域电力市场宣贯培训（ 2024 年第三批次）培训课程安排 序号 时间安排 培训内容 讲师 1 09:30-10:00 南方区域电力现货市场三季度结算试运行实施方案 南网总调、广州电力交易中心 2 10:00-10:30 南方区域电力现货市场三季度结算试运行交易组织业务 广州电力交易中心 附件 2 ：《南方区域电力市场 “ 交易 Wink” 用户手册》 长按识别二维码可查阅并下载 《南方区域电力市场 “ 交易 Wink” 用户手册》,Guangzhou Power Exchange Center,market_training,2026-10-02T16:32:02.205219+00:00,,,unlabelled
GZPEC-078,关于开展南方区域电力市场宣贯培训（2024年第一批次）的通知,2024-03-19,http://www.gzpec.cn/service/scpx/202502/t20250212_33837.html,关于开展南方区域电力市场宣贯培训（ 2024年第一批次）的通知 各有关市场成员： 根据《南方区域电力现货市场调电试运行方案（ 2024 版）》（征求意见稿）有关工作要求，为做好调电试运行的准备，经研究决定开展南方区域电力市场宣贯培训（ 2024 年第 1 批次），有关事项通知如下。 一 培训内容 南方区域电力现货市场 2024 年第一次全域结算试运行实施方案（征求意见稿）宣贯及答疑。 二 培训对象 本次培训主要面向南方区域电力市场运营机构以及准备参与调电试运行的相关市场主体。 三 培训时间 2024 年 3 月 20 日（周三）下午 14:30-16:30 会议号： 153-525-857 会议密码： 0320 四 培训方式 本次培训采用线上方式开展，请参培人员提前自行下载安装腾讯会议客户端，并于 2024 年 3 月 20 日（周三） 14:30 前通过腾讯会议完成报名。同时，为严肃培训纪律，培训报名请规范填写企业名称及参培人员信息，对于使用缩写昵称等情形将不予通过。因腾讯会议接入点容量有限，请各单位尽可能使用 1 个接入点集中参培，原则上同一单位最多不超过 2 个。 五 其他事项 1 本次培训由广州电力交易中心会同南网总调举办，不收取任何费用。参加培训人员承诺保护知识产权，未经授权不得擅自对外发布本次培训内容。 2 根据工作安排，各省级运营机构、所有参与区域现货市场的发电企业、售电公司均须参加本次培训。对无故不参加的，广州电力交易中心将视情况公开通报。 3 培训过程全程静音，进入交流答疑环节后可通过软件举手功能提问。 4 培训课件将在腾讯会议聊天室统一发布，请参培人员及时下载保存，后续也可以通过南方区域统一电力交易平台进行下载。本次培训提供视频回放，培训结束后点击历史会议查看。 5 参培人员应严格遵守国家法律法规及相关网络信息管理规定，因发布不当信息造成的后果，由参培人员及其所在企业承担责任。 会议咨询电话： 020-22808388 附件： 课程安排 广州电力交易中心有限责任公司 2024 年 3 月 19 日 附件： 课程安排 序号 时间安排 培训内容 讲师 1 14:30-15:00 南方区域电力现货市场全域结算试运行实施方案（调电部分） 南网总调 孙应毕 2 15:00-15:30 南方区域电力现货市场全域结算试运行实施方案（结算部分） 广州电力交易中心 牟春风 3 15:30-16:00 南方区域电力现货市场全域结算试运行交易申报及要求 广州电力交易中心 陈灏 4 16:00-16:30 （暂定） 南方区域电力现货市场全域结算试运行市场贵州分会场 （实施方案及注意事项部分） 贵州电力交易中心,Guangzhou Power Exchange Center,market_training,2026-10-02T16:32:02.205219+00:00,,,unlabelled
GZPEC-079,南方区域电力市场宣贯培训课件（2023年第2批次）,2023-06-07,http://www.gzpec.cn/service/scpx/202502/t20250226_34107.html,南方区域电力市场宣贯培训课件（2023年第2批次）,Guangzhou Power Exchange Center,market_training,2026-10-02T16:32:02.205219+00:00,,,unlabelled
GZPEC-080,南方区域电力市场宣贯培训课件（2022年第7批次）,2022-12-07,http://www.gzpec.cn/service/scpx/202502/t20250226_34106.html,南方区域电力市场宣贯培训课件（2022年第7批次）,Guangzhou Power Exchange Center,market_training,2026-10-02T16:32:02.205219+00:00,,,unlabelled
GZPEC-081,广东交易〔2024〕79号 关于发布广东电力市场配套实施细则（2024年修订）的通知,2024-05-10,http://www.gzpec.cn/law/jygz/202502/t20250214_34017.html,类型：细则。适用范围：广东。发布单位：南方区域电力交易平台。实施日期：2024-05-10。,Guangzhou Power Exchange Center,rules_and_policy,2026-10-02T16:32:41.241878+00:00,,,unlabelled
GZPEC-082,广东电力市场规则,2025-04-05,http://www.gzpec.cn/law/jygz/202505/t20250516_34490.html,类型：细则。适用范围：广东。发布单位：广东电力交易中心。实施日期：2025-04-05。,Guangzhou Power Exchange Center,rules_and_policy,2026-10-02T16:32:41.241878+00:00,,,unlabelled
GZPEC-083,关于发布《广东电力中长期市场实施细则（2026年版）》的通知,2026-05-20,http://www.gzpec.cn/law/jygz/202606/t20260629_36544.html,类型：细则。适用范围：广东。发布单位：广东电力交易中心。实施日期：2026-05-20。,Guangzhou Power Exchange Center,rules_and_policy,2026-10-02T16:32:41.241878+00:00,,,unlabelled
GZPEC-084,关于印发实施《广东电力市场履约风险管理实施细则（2024年版）》的通知,2026-06-17,http://www.gzpec.cn/law/jygz/202606/t20260629_36543.html,类型：细则。适用范围：广东。发布单位：广东电力交易中心。实施日期：2026-06-17。,Guangzhou Power Exchange Center,rules_and_policy,2026-10-02T16:32:41.241878+00:00,,,unlabelled
GZPEC-085,关于印发实施《广东电力市场交易信用评价评分细则（2025年版）》的通知,2026-06-17,http://www.gzpec.cn/law/jygz/202606/t20260629_36542.html,类型：细则。适用范围：广东。发布单位：广东电力交易中心。实施日期：2026-06-17。,Guangzhou Power Exchange Center,rules_and_policy,2026-10-02T16:32:41.241878+00:00,,,unlabelled
GZPEC-086,关于印发《广东电力市场零售结算实施细则》的通知,2026-06-17,http://www.gzpec.cn/law/jygz/202606/t20260629_36541.html,类型：细则。适用范围：广东。发布单位：广东电力交易中心。实施日期：2026-06-17。,Guangzhou Power Exchange Center,rules_and_policy,2026-10-02T16:32:41.241878+00:00,,,unlabelled
GZPEC-087,关于印发《广东电力市场注册及档案管理实施细则》《广东电力市场交易系统账号管理实施细则》等的通知,2026-06-17,http://www.gzpec.cn/law/jygz/202606/t20260629_36540.html,类型：细则。适用范围：广东。发布单位：广东电力交易中心。实施日期：2026-06-17。,Guangzhou Power Exchange Center,rules_and_policy,2026-10-02T16:32:41.241878+00:00,,,unlabelled
GZPEC-088,广东电力市场信息披露管理实施细则（2026年修订）,2026-06-17,http://www.gzpec.cn/law/jygz/202606/t20260629_36539.html,类型：细则。适用范围：广东。发布单位：广东电力交易中心。实施日期：2026-06-17。,Guangzhou Power Exchange Center,rules_and_policy,2026-10-02T16:32:41.241878+00:00,,,unlabelled
GZPEC-089,广东电力市场注册实施细则（2026年修订）,2026-06-17,http://www.gzpec.cn/law/jygz/202606/t20260629_36538.html,类型：细则。适用范围：广东。发布单位：广东电力交易中心。实施日期：2026-06-17。,Guangzhou Power Exchange Center,rules_and_policy,2026-10-02T16:32:41.241878+00:00,,,unlabelled
GZPEC-090,关于印发《南方区域绿色电力交易规则（试行）》的通知,2022-01-25,http://www.gzpec.cn/law/jygz/202502/t20250226_34121.html,类型：细则。适用范围：区域。发布单位：南方区域电力交易平台。实施日期：2022-01-25。,Guangzhou Power Exchange Center,rules_and_policy,2026-10-02T16:32:41.241878+00:00,,,unlabelled
GZPEC-091,南方区域绿色电力证书交易实施细则（2023年版）,2023-10-25,http://www.gzpec.cn/law/jygz/202310/P020231025623801942126.pdf,类型：细则。适用范围：区域。发布单位：南方区域电力交易平台。实施日期：2023-10-25。,Guangzhou Power Exchange Center,rules_and_policy,2026-10-02T16:32:41.241878+00:00,,,unlabelled
GZPEC-092,关于印发《南方区域跨区跨省电力中长期交易规则》的通知,2024-04-08,http://www.gzpec.cn/law/jygz/202502/t20250226_34119.html,类型：细则。适用范围：区域。发布单位：广州电力交易中心。实施日期：2024-04-08。,Guangzhou Power Exchange Center,rules_and_policy,2026-10-02T16:32:41.241878+00:00,,,unlabelled
GZPEC-093,南方区域规则,2024-08-25,http://www.gzpec.cn/law/jygz/202505/t20250516_34496.html,类型：细则。适用范围：区域。发布单位：南方区域电力交易平台。实施日期：2024-08-25。,Guangzhou Power Exchange Center,rules_and_policy,2026-10-02T16:32:41.241878+00:00,,,unlabelled
GZPEC-094,关于印发南方区域电力市场配套实施细则的通知,2024-11-14,http://www.gzpec.cn/law/jygz/202502/t20250214_34019.html,类型：细则。适用范围：区域。发布单位：南方区域电力交易平台。实施日期：2024-11-14。,Guangzhou Power Exchange Center,rules_and_policy,2026-10-02T16:32:41.241878+00:00,,,unlabelled
GZPEC-095,关于印发广州电力交易中心可再生能源绿色电力证书交易实施细则的通知,2025-06-02,http://www.gzpec.cn/law/jygz/202506/t20250606_34600.html,类型：细则。适用范围：区域。发布单位：广州电力交易中心。实施日期：2025-06-02。,Guangzhou Power Exchange Center,rules_and_policy,2026-10-02T16:32:41.241878+00:00,,,unlabelled
GZPEC-096,关于印发《南方区域电力市场中长期电能量交易实施细则》等5项实施细则的通知,2025-06-19,http://www.gzpec.cn/law/jygz/202506/t20250624_34712.html,类型：细则。适用范围：区域。发布单位：广州电力交易中心。实施日期：2025-06-19。,Guangzhou Power Exchange Center,rules_and_policy,2026-10-02T16:32:41.241878+00:00,,,unlabelled
GZPEC-097,国家发展改革委、国家能源局关于印发《电力中长期交易基本规则》的通知,2020-06-14,http://www.gzpec.cn/law/jygz/202505/t20250516_34493.html,类型：规则。适用范围：国家。发布单位：国家发展改革委。实施日期：2020-06-14。,Guangzhou Power Exchange Center,rules_and_policy,2026-10-02T16:32:41.241878+00:00,,,unlabelled
GZPEC-098,发改能源规〔2023〕1217号 《电力现货市场基本规则（试行）》,2023-09-07,http://www.gzpec.cn/law/jygz/202502/t20250226_34120.html,类型：规则。适用范围：国家。发布单位：国家发展改革委。实施日期：2023-09-07。,Guangzhou Power Exchange Center,rules_and_policy,2026-10-02T16:32:41.241878+00:00,,,unlabelled
GZPEC-099,第20号_中华人民共和国国家发展和改革委员会令（电力市场运行基本规则）,2024-04-28,http://www.gzpec.cn/law/jygz/202505/t20250516_34494.html,类型：规则。适用范围：国家。发布单位：国家发展改革委。实施日期：2024-04-28。,Guangzhou Power Exchange Center,rules_and_policy,2026-10-02T16:32:41.241878+00:00,,,unlabelled
GZPEC-100,电力中长期交易基本规则—绿色电力交易专章,2024-07-24,http://www.gzpec.cn/law/jygz/202502/t20250226_34102.html,类型：规则。适用范围：国家。发布单位：国家发展改革委。实施日期：2024-07-24。,Guangzhou Power Exchange Center,rules_and_policy,2026-10-02T16:32:41.241878+00:00,,,unlabelled
